{"n_std": 1e-08, "burnin": 100, "noise_svar": 1e-08, "scalar": 1, "classifier": "Nearest Neighbors", "auc": 0.743125, "_timestamp": 1711054029.3813548, "_runtime": 3.455765724182129, "_step": 0, "_wandb": {"runtime": 2}}