{"n_std": 1e-08, "burnin": 50, "noise_svar": 1e-08, "scalar": 1, "classifier": "SVM", "auc": 1.0, "_timestamp": 1711052614.8851109, "_runtime": 4.728489875793457, "_step": 0, "_wandb": {"runtime": 3}}