{"n_std": 1e-08, "burnin": 100, "noise_svar": 1e-08, "scalar": 50, "classifier": "SVM", "auc": 0.5138343750000001, "_timestamp": 1711054830.2891285, "_runtime": 3.464930534362793, "_step": 0, "_wandb": {"runtime": 2}}