{"n_std": 1e-08, "burnin": 100, "noise_svar": 1e-08, "scalar": 1, "classifier": "SVM", "auc": 1.0, "_timestamp": 1711054793.502151, "_runtime": 3.509208917617798, "_step": 0, "_wandb": {"runtime": 2}}