{"n_std": 1e-08, "burnin": 100, "noise_svar": 1e-08, "scalar": 50, "classifier": "Naive Bayes", "auc": 0.4892640625, "_timestamp": 1711054061.2050161, "_runtime": 3.550457239151001, "_step": 0, "_wandb": {"runtime": 2}}