{"n_std": 1e-08, "burnin": 100, "noise_svar": 1e-08, "scalar": 1, "classifier": "Multilayer Perceptron", "auc": 0.95284375, "_timestamp": 1711054017.3560984, "_runtime": 3.4702115058898926, "_step": 0, "_wandb": {"runtime": 2}}