{"n_std": 1e-08, "burnin": 175, "noise_svar": 1e-08, "scalar": 1, "classifier": "Logistic Regression", "auc": 0.986878125, "_timestamp": 1711052741.209656, "_runtime": 4.349339008331299, "_step": 0, "_wandb": {"runtime": 2}}