{"n_std": 1e-08, "burnin": 100, "noise_svar": 1e-08, "scalar": 50, "classifier": "Nearest Neighbors", "auc": 0.49820156250000003, "_timestamp": 1711054067.159254, "_runtime": 3.456616163253784, "_step": 0, "_wandb": {"runtime": 2}}