{"n_std": 1e-08, "burnin": 100, "noise_svar": 1e-08, "scalar": 50, "classifier": "Logistic Regression", "auc": 0.502796875, "_timestamp": 1711054048.9771543, "_runtime": 3.4749562740325928, "_step": 0, "_wandb": {"runtime": 2}}