{"n_std": 1e-08, "burnin": 50, "noise_svar": 1e-08, "scalar": 50, "classifier": "Logistic Regression", "auc": 0.5011062500000001, "_timestamp": 1711054732.7638073, "_runtime": 3.489908218383789, "_step": 0, "_wandb": {"runtime": 2}}