{"n_std": 1e-08, "burnin": 50, "noise_svar": 1e-08, "scalar": 50, "classifier": "Nearest Neighbors", "auc": 0.46798593749999995, "_timestamp": 1711053993.054076, "_runtime": 3.529141902923584, "_step": 0, "_wandb": {"runtime": 2}}