{"n_std": 1e-08, "burnin": 175, "noise_svar": 1e-08, "scalar": 1, "classifier": "Nearest Neighbors", "auc": 0.5375, "_timestamp": 1711054862.8388345, "_runtime": 3.591630458831787, "_step": 0, "_wandb": {"runtime": 2}}