{"n_std": 1e-08, "burnin": 100, "noise_svar": 1e-08, "scalar": 50, "classifier": "SVM", "auc": 0.512615625, "_timestamp": 1711054076.1302779, "_runtime": 3.4987099170684814, "_step": 0, "_wandb": {"runtime": 2}}