{"n_std": 1e-08, "burnin": 100, "noise_svar": 1e-08, "scalar": 50, "classifier": "Logistic Regression", "auc": 0.49839453125, "_timestamp": 1711054805.606889, "_runtime": 3.4496169090270996, "_step": 0, "_wandb": {"runtime": 2}}