{"n_std": 1e-08, "burnin": 100, "noise_svar": 1e-08, "scalar": 50, "classifier": "Naive Bayes", "auc": 0.47469843749999996, "_timestamp": 1711054817.800817, "_runtime": 3.5492119789123535, "_step": 0, "_wandb": {"runtime": 2}}