{"n_std": 1e-08, "burnin": 175, "noise_svar": 1e-08, "scalar": 1, "classifier": "Nearest Neighbors", "auc": 0.7743749999999999, "_timestamp": 1711054110.5271401, "_runtime": 3.5145351886749268, "_step": 0, "_wandb": {"runtime": 2}}