{"n_std": 1e-08, "burnin": 50, "noise_svar": 1e-08, "scalar": 1, "classifier": "Nearest Neighbors", "auc": 0.51125, "_timestamp": 1711054714.5608003, "_runtime": 3.4577584266662598, "_step": 0, "_wandb": {"runtime": 2}}