{"n_std": 1e-08, "burnin": 175, "noise_svar": 1e-08, "scalar": 1, "classifier": "Multilayer Perceptron", "auc": 0.9645046875, "_timestamp": 1711054094.5618546, "_runtime": 3.6028056144714355, "_step": 0, "_wandb": {"runtime": 2}}