{"n_std": 1e-08, "burnin": 50, "noise_svar": 1e-08, "scalar": 1, "classifier": "Nearest Neighbors", "auc": 0.72375, "_timestamp": 1711053956.830179, "_runtime": 3.522305965423584, "_step": 0, "_wandb": {"runtime": 2}}