{"n_std": 1e-08, "burnin": 50, "noise_svar": 1e-08, "scalar": 1, "classifier": "Naive Bayes", "auc": 1.0, "_timestamp": 1711054708.5797284, "_runtime": 3.5023622512817383, "_step": 0, "_wandb": {"runtime": 2}}