{"n_std": 1e-08, "burnin": 175, "noise_svar": 1e-08, "scalar": 1, "classifier": "Naive Bayes", "auc": 1.0, "_timestamp": 1711054856.6508477, "_runtime": 3.4164316654205322, "_step": 0, "_wandb": {"runtime": 2}}