{"n_std": 1e-08, "burnin": 175, "noise_svar": 1e-08, "scalar": 1, "classifier": "Nearest Neighbors", "auc": 0.7743749999999999, "_timestamp": 1711052763.7633471, "_runtime": 4.142880201339722, "_step": 0, "_wandb": {"runtime": 2}}