{"n_std": 1e-08, "burnin": 175, "noise_svar": 1e-08, "scalar": 50, "classifier": "Naive Bayes", "auc": 0.49239374999999996, "_timestamp": 1711054142.8556693, "_runtime": 3.4605963230133057, "_step": 0, "_wandb": {"runtime": 2}}