{"n_std": 1e-08, "burnin": 175, "noise_svar": 1e-08, "scalar": 50, "classifier": "SVM", "auc": 0.5017734374999999, "_timestamp": 1711054905.8607173, "_runtime": 3.5042362213134766, "_step": 0, "_wandb": {"runtime": 2}}