{"n_std": 1e-08, "burnin": 50, "noise_svar": 1e-08, "scalar": 1, "classifier": "SVM", "auc": 1.0, "_timestamp": 1711053962.8511713, "_runtime": 3.51857328414917, "_step": 0, "_wandb": {"runtime": 2}}