{"n_std": 1e-08, "burnin": 100, "noise_svar": 1e-08, "scalar": 50, "classifier": "Logistic Regression", "auc": 0.502796875, "_timestamp": 1711052702.940858, "_runtime": 4.466418981552124, "_step": 0, "_wandb": {"runtime": 3}}