{"n_std": 1e-08, "burnin": 100, "noise_svar": 1e-08, "scalar": 50, "classifier": "Nearest Neighbors", "auc": 0.5032421875, "_timestamp": 1711054824.0407503, "_runtime": 3.4982872009277344, "_step": 0, "_wandb": {"runtime": 2}}