{"n_std": 1e-08, "burnin": 100, "noise_svar": 1e-08, "scalar": 1, "classifier": "Multilayer Perceptron", "auc": 0.95284375, "_timestamp": 1711052667.6157308, "_runtime": 4.436521768569946, "_step": 0, "_wandb": {"runtime": 3}}