{"n_std": 1e-08, "burnin": 100, "noise_svar": 1e-08, "scalar": 50, "classifier": "Naive Bayes", "auc": 0.4892640625, "_timestamp": 1711052718.6126935, "_runtime": 4.774300575256348, "_step": 0, "_wandb": {"runtime": 3}}