{"n_std": 1e-08, "burnin": 175, "noise_svar": 1e-08, "scalar": 50, "classifier": "Naive Bayes", "auc": 0.506, "_timestamp": 1711054893.5224204, "_runtime": 3.612563371658325, "_step": 0, "_wandb": {"runtime": 2}}