{"n_std": 1e-08, "burnin": 100, "noise_svar": 1e-08, "scalar": 50, "classifier": "SVM", "auc": 0.512615625, "_timestamp": 1711052734.0421877, "_runtime": 4.339812755584717, "_step": 0, "_wandb": {"runtime": 3}}