{"n_std": 1e-08, "burnin": 175, "noise_svar": 1e-08, "scalar": 1, "classifier": "SVM", "auc": 1.0, "_timestamp": 1711054868.8148878, "_runtime": 3.5336556434631348, "_step": 0, "_wandb": {"runtime": 2}}