{"n_std": 1e-08, "burnin": 100, "noise_svar": 1e-08, "scalar": 1, "classifier": "Logistic Regression", "auc": 0.959384375, "_timestamp": 1711054011.2618287, "_runtime": 3.498412609100342, "_step": 0, "_wandb": {"runtime": 2}}