{"n_std": 1e-08, "burnin": 50, "noise_svar": 1e-08, "scalar": 50, "classifier": "Logistic Regression", "auc": 0.50448125, "_timestamp": 1711053974.8734016, "_runtime": 3.4363367557525635, "_step": 0, "_wandb": {"runtime": 2}}