{"n_std": 1e-08, "burnin": 175, "noise_svar": 1e-08, "scalar": 1, "classifier": "SVM", "auc": 1.0, "_timestamp": 1711052771.234238, "_runtime": 4.336668014526367, "_step": 0, "_wandb": {"runtime": 3}}