{"n_std": 1e-08, "burnin": 50, "noise_svar": 1e-08, "scalar": 50, "classifier": "SVM", "auc": 0.50829375, "_timestamp": 1711052652.5194883, "_runtime": 4.900196313858032, "_step": 0, "_wandb": {"runtime": 3}}