{"n_std": 1e-08, "burnin": 175, "noise_svar": 1e-08, "scalar": 50, "classifier": "Naive Bayes", "auc": 0.49239374999999996, "_timestamp": 1711052793.270089, "_runtime": 3.86281681060791, "_step": 0, "_wandb": {"runtime": 3}}