{"n_std": 1e-08, "burnin": 50, "noise_svar": 1e-08, "scalar": 1, "classifier": "Logistic Regression", "auc": 0.9575140624999999, "_timestamp": 1711053346.497735, "_runtime": 60.47993302345276, "_step": 0, "_wandb": {"runtime": 30}}