{"n_std": 1e-08, "burnin": 175, "noise_svar": 1e-08, "scalar": 50, "classifier": "Multilayer Perceptron", "auc": 0.5039859375, "_timestamp": 1711054887.298705, "_runtime": 3.5764729976654053, "_step": 0, "_wandb": {"runtime": 2}}