{"n_std": 1e-08, "burnin": 175, "noise_svar": 1e-08, "scalar": 50, "classifier": "Nearest Neighbors", "auc": 0.5100414062499999, "_timestamp": 1711054148.952142, "_runtime": 3.460062026977539, "_step": 0, "_wandb": {"runtime": 2}}