{"n_std": 1e-08, "burnin": 50, "noise_svar": 1e-08, "scalar": 50, "classifier": "Nearest Neighbors", "auc": 0.495, "_timestamp": 1711054751.2645385, "_runtime": 3.6363024711608887, "_step": 0, "_wandb": {"runtime": 2}}