{"n_std": 1e-08, "burnin": 50, "noise_svar": 1e-08, "scalar": 50, "classifier": "Naive Bayes", "auc": 0.48800937499999997, "_timestamp": 1711053986.908022, "_runtime": 3.4774558544158936, "_step": 0, "_wandb": {"runtime": 2}}