{"n_std": 1e-08, "burnin": 100, "noise_svar": 1e-08, "scalar": 1, "classifier": "Naive Bayes", "auc": 1.0, "_timestamp": 1711052674.415005, "_runtime": 4.0873658657073975, "_step": 0, "_wandb": {"runtime": 2}}