{"n_std": 1e-08, "burnin": 50, "noise_svar": 1e-08, "scalar": 50, "classifier": "Multilayer Perceptron", "auc": 0.5075687499999999, "_timestamp": 1711054739.0563316, "_runtime": 3.5090036392211914, "_step": 0, "_wandb": {"runtime": 2}}