{"n_std": 1e-08, "burnin": 175, "noise_svar": 1e-08, "scalar": 50, "classifier": "Multilayer Perceptron", "auc": 0.49655625, "_timestamp": 1711052785.8836772, "_runtime": 4.64827823638916, "_step": 0, "_wandb": {"runtime": 3}}