{"n_std": 1e-08, "burnin": 175, "noise_svar": 1e-08, "scalar": 50, "classifier": "Logistic Regression", "auc": 0.50260625, "_timestamp": 1711054881.0997717, "_runtime": 3.5503947734832764, "_step": 0, "_wandb": {"runtime": 2}}