{"n_std": 1e-08, "burnin": 100, "noise_svar": 1e-08, "scalar": 50, "classifier": "Multilayer Perceptron", "auc": 0.4872453125, "_timestamp": 1711052711.037464, "_runtime": 4.4320409297943115, "_step": 0, "_wandb": {"runtime": 3}}