{"n_std": 1e-08, "burnin": 100, "noise_svar": 1e-08, "scalar": 1, "classifier": "SVM", "auc": 1.0, "_timestamp": 1711052694.8799736, "_runtime": 9.074354648590088, "_step": 0, "_wandb": {"runtime": 3}}