{"n_std": 1e-08, "burnin": 50, "noise_svar": 1e-08, "scalar": 50, "classifier": "SVM", "auc": 0.503475, "_timestamp": 1711054757.1413486, "_runtime": 3.450711488723755, "_step": 0, "_wandb": {"runtime": 2}}