{"n_std": 1e-08, "burnin": 175, "noise_svar": 1e-08, "scalar": 1, "classifier": "Multilayer Perceptron", "auc": 0.9645046875, "_timestamp": 1711052748.9033575, "_runtime": 4.811025619506836, "_step": 0, "_wandb": {"runtime": 3}}