{"n_std": 1e-08, "burnin": 50, "noise_svar": 1e-08, "scalar": 50, "classifier": "Naive Bayes", "auc": 0.5044015625, "_timestamp": 1711054745.0060534, "_runtime": 3.4136414527893066, "_step": 0, "_wandb": {"runtime": 2}}