{"n_std": 1e-08, "burnin": 175, "noise_svar": 1e-08, "scalar": 50, "classifier": "SVM", "auc": 0.50576953125, "_timestamp": 1711054155.142602, "_runtime": 3.6386730670928955, "_step": 0, "_wandb": {"runtime": 2}}