{"n_std": 1e-08, "burnin": 175, "noise_svar": 1e-08, "scalar": 50, "classifier": "Nearest Neighbors", "auc": 0.5086234375, "_timestamp": 1711054899.9517286, "_runtime": 3.7440805435180664, "_step": 0, "_wandb": {"runtime": 2}}