{"n_std": 1e-08, "burnin": 100, "noise_svar": 1e-08, "scalar": 1, "classifier": "Naive Bayes", "auc": 1.0, "_timestamp": 1711054781.3923233, "_runtime": 3.450493335723877, "_step": 0, "_wandb": {"runtime": 2}}