{"n_std": 1e-08, "burnin": 100, "noise_svar": 1e-08, "scalar": 50, "classifier": "Multilayer Perceptron", "auc": 0.4979828125, "_timestamp": 1711054811.7865863, "_runtime": 3.607903242111206, "_step": 0, "_wandb": {"runtime": 2}}