{"n_std": 1e-08, "burnin": 175, "noise_svar": 1e-08, "scalar": 1, "classifier": "Naive Bayes", "auc": 1.0, "_timestamp": 1711054104.1550128, "_runtime": 7.054208755493164, "_step": 0, "_wandb": {"runtime": 2}}