{"n_std": 1e-08, "burnin": 50, "noise_svar": 1e-08, "scalar": 50, "classifier": "Logistic Regression", "auc": 0.50448125, "_timestamp": 1711052622.8714793, "_runtime": 4.5026023387908936, "_step": 0, "_wandb": {"runtime": 3}}