{"n_std": 1e-08, "burnin": 100, "noise_svar": 1e-08, "scalar": 1, "classifier": "Nearest Neighbors", "auc": 0.743125, "_timestamp": 1711052682.3321712, "_runtime": 4.777214288711548, "_step": 0, "_wandb": {"runtime": 3}}